fs,extreme,blksz,numjobs,idel_bw,fs_bw,ratio
pmfs,max,32768,32,13516.8,2643.0,5.114188422247445
pmfs,min,4096,32,12083.2,2604.0,4.640245775729647
nova,max,32768,32,13516.8,3898.0,3.467624422780913
nova,min,4096,32,12083.2,4345.0,2.780943613348677
cknova,max,32768,32,13516.8,3677.0,3.6760402502039704
cknova,min,4096,32,12083.2,4724.0,2.557832345469941
odinfs-12,max,4096,32,12083.2,3803.0,3.1772810938732583
odinfs-12,min,32768,32,13516.8,10547.2,1.2815533980582523
