fs,extreme,ops,blksz,numjobs,idel_bw,fs_bw,ratio
pmfs,max,write,32768,32,13516.8,2643.0,5.114188422247445
pmfs,min,write,4096,1,1717.0,1013.0,1.6949654491609083
nova,max,write,32768,28,13619.2,3761.0,3.621164583887264
nova,min,write,32768,2,7441.0,7090.0,1.0495063469675598
cknova,max,write,32768,32,13516.8,3677.0,3.6760402502039704
cknova,min,write,32768,1,6592.0,6225.0,1.0589558232931726
odinfs-12,max,write,4096,32,12083.2,3803.0,3.1772810938732583
odinfs-12,min,write,32768,8,12288.0,10752.0,1.1428571428571428
